start;end;baseprice;unit
01.09.2022 00:00:00;01.09.2022 01:00:00;50.87;Cent/kWh
01.09.2022 01:00:00;01.09.2022 02:00:00;49.50;Cent/kWh
01.09.2022 02:00:00;01.09.2022 03:00:00;49.73;Cent/kWh
01.09.2022 03:00:00;01.09.2022 04:00:00;48.78;Cent/kWh
01.09.2022 04:00:00;01.09.2022 05:00:00;49.51;Cent/kWh
01.09.2022 05:00:00;01.09.2022 06:00:00;53.28;Cent/kWh
01.09.2022 06:00:00;01.09.2022 07:00:00;64.76;Cent/kWh
01.09.2022 07:00:00;01.09.2022 08:00:00;67.49;Cent/kWh
01.09.2022 08:00:00;01.09.2022 09:00:00;68.01;Cent/kWh
01.09.2022 09:00:00;01.09.2022 10:00:00;62.58;Cent/kWh
01.09.2022 10:00:00;01.09.2022 11:00:00;60.40;Cent/kWh
01.09.2022 11:00:00;01.09.2022 12:00:00;66.40;Cent/kWh
01.09.2022 12:00:00;01.09.2022 13:00:00;68.00;Cent/kWh
01.09.2022 13:00:00;01.09.2022 14:00:00;67.99;Cent/kWh
01.09.2022 14:00:00;01.09.2022 15:00:00;67.49;Cent/kWh
01.09.2022 15:00:00;01.09.2022 16:00:00;68.50;Cent/kWh
01.09.2022 16:00:00;01.09.2022 17:00:00;66.05;Cent/kWh
01.09.2022 17:00:00;01.09.2022 18:00:00;67.99;Cent/kWh
01.09.2022 18:00:00;01.09.2022 19:00:00;70.35;Cent/kWh
01.09.2022 19:00:00;01.09.2022 20:00:00;74.59;Cent/kWh
01.09.2022 20:00:00;01.09.2022 21:00:00;71.82;Cent/kWh
01.09.2022 21:00:00;01.09.2022 22:00:00;64.99;Cent/kWh
01.09.2022 22:00:00;01.09.2022 23:00:00;58.15;Cent/kWh
01.09.2022 23:00:00;02.09.2022 00:00:00;51.24;Cent/kWh
02.09.2022 00:00:00;02.09.2022 01:00:00;45.61;Cent/kWh
02.09.2022 01:00:00;02.09.2022 02:00:00;41.87;Cent/kWh
02.09.2022 02:00:00;02.09.2022 03:00:00;39.54;Cent/kWh
02.09.2022 03:00:00;02.09.2022 04:00:00;36.27;Cent/kWh
02.09.2022 04:00:00;02.09.2022 05:00:00;39.17;Cent/kWh
02.09.2022 05:00:00;02.09.2022 06:00:00;44.54;Cent/kWh
02.09.2022 06:00:00;02.09.2022 07:00:00;53.21;Cent/kWh
02.09.2022 07:00:00;02.09.2022 08:00:00;56.61;Cent/kWh
02.09.2022 08:00:00;02.09.2022 09:00:00;58.20;Cent/kWh
02.09.2022 09:00:00;02.09.2022 10:00:00;55.48;Cent/kWh
02.09.2022 10:00:00;02.09.2022 11:00:00;54.19;Cent/kWh
02.09.2022 11:00:00;02.09.2022 12:00:00;54.46;Cent/kWh
02.09.2022 12:00:00;02.09.2022 13:00:00;55.00;Cent/kWh
02.09.2022 13:00:00;02.09.2022 14:00:00;56.66;Cent/kWh
02.09.2022 14:00:00;02.09.2022 15:00:00;54.17;Cent/kWh
02.09.2022 15:00:00;02.09.2022 16:00:00;54.34;Cent/kWh
02.09.2022 16:00:00;02.09.2022 17:00:00;54.54;Cent/kWh
02.09.2022 17:00:00;02.09.2022 18:00:00;55.19;Cent/kWh
02.09.2022 18:00:00;02.09.2022 19:00:00;54.69;Cent/kWh
02.09.2022 19:00:00;02.09.2022 20:00:00;60.00;Cent/kWh
02.09.2022 20:00:00;02.09.2022 21:00:00;57.07;Cent/kWh
02.09.2022 21:00:00;02.09.2022 22:00:00;45.00;Cent/kWh
02.09.2022 22:00:00;02.09.2022 23:00:00;43.50;Cent/kWh
02.09.2022 23:00:00;03.09.2022 00:00:00;26.01;Cent/kWh
03.09.2022 00:00:00;03.09.2022 01:00:00;52.99;Cent/kWh
03.09.2022 01:00:00;03.09.2022 02:00:00;27.82;Cent/kWh
03.09.2022 02:00:00;03.09.2022 03:00:00;32.15;Cent/kWh
03.09.2022 03:00:00;03.09.2022 04:00:00;25.01;Cent/kWh
03.09.2022 04:00:00;03.09.2022 05:00:00;26.04;Cent/kWh
03.09.2022 05:00:00;03.09.2022 06:00:00;29.17;Cent/kWh
03.09.2022 06:00:00;03.09.2022 07:00:00;27.50;Cent/kWh
03.09.2022 07:00:00;03.09.2022 08:00:00;37.01;Cent/kWh
03.09.2022 08:00:00;03.09.2022 09:00:00;40.10;Cent/kWh
03.09.2022 09:00:00;03.09.2022 10:00:00;40.63;Cent/kWh
03.09.2022 10:00:00;03.09.2022 11:00:00;39.61;Cent/kWh
03.09.2022 11:00:00;03.09.2022 12:00:00;39.61;Cent/kWh
03.09.2022 12:00:00;03.09.2022 13:00:00;34.01;Cent/kWh
03.09.2022 13:00:00;03.09.2022 14:00:00;37.13;Cent/kWh
03.09.2022 14:00:00;03.09.2022 15:00:00;39.61;Cent/kWh
03.09.2022 15:00:00;03.09.2022 16:00:00;41.30;Cent/kWh
03.09.2022 16:00:00;03.09.2022 17:00:00;41.31;Cent/kWh
03.09.2022 17:00:00;03.09.2022 18:00:00;43.00;Cent/kWh
03.09.2022 18:00:00;03.09.2022 19:00:00;45.36;Cent/kWh
03.09.2022 19:00:00;03.09.2022 20:00:00;53.00;Cent/kWh
03.09.2022 20:00:00;03.09.2022 21:00:00;52.26;Cent/kWh
03.09.2022 21:00:00;03.09.2022 22:00:00;41.96;Cent/kWh
03.09.2022 22:00:00;03.09.2022 23:00:00;39.61;Cent/kWh
03.09.2022 23:00:00;04.09.2022 00:00:00;33.38;Cent/kWh
04.09.2022 00:00:00;04.09.2022 01:00:00;16.74;Cent/kWh
04.09.2022 01:00:00;04.09.2022 02:00:00;18.80;Cent/kWh
04.09.2022 02:00:00;04.09.2022 03:00:00;23.04;Cent/kWh
04.09.2022 03:00:00;04.09.2022 04:00:00;20.76;Cent/kWh
04.09.2022 04:00:00;04.09.2022 05:00:00;22.26;Cent/kWh
04.09.2022 05:00:00;04.09.2022 06:00:00;29.32;Cent/kWh
04.09.2022 06:00:00;04.09.2022 07:00:00;21.11;Cent/kWh
04.09.2022 07:00:00;04.09.2022 08:00:00;22.64;Cent/kWh
04.09.2022 08:00:00;04.09.2022 09:00:00;21.00;Cent/kWh
04.09.2022 09:00:00;04.09.2022 10:00:00;17.68;Cent/kWh
04.09.2022 10:00:00;04.09.2022 11:00:00;27.37;Cent/kWh
04.09.2022 11:00:00;04.09.2022 12:00:00;29.78;Cent/kWh
04.09.2022 12:00:00;04.09.2022 13:00:00;32.86;Cent/kWh
04.09.2022 13:00:00;04.09.2022 14:00:00;27.88;Cent/kWh
04.09.2022 14:00:00;04.09.2022 15:00:00;30.88;Cent/kWh
04.09.2022 15:00:00;04.09.2022 16:00:00;31.77;Cent/kWh
04.09.2022 16:00:00;04.09.2022 17:00:00;29.97;Cent/kWh
04.09.2022 17:00:00;04.09.2022 18:00:00;37.50;Cent/kWh
04.09.2022 18:00:00;04.09.2022 19:00:00;45.55;Cent/kWh
04.09.2022 19:00:00;04.09.2022 20:00:00;50.99;Cent/kWh
04.09.2022 20:00:00;04.09.2022 21:00:00;50.99;Cent/kWh
04.09.2022 21:00:00;04.09.2022 22:00:00;44.50;Cent/kWh
04.09.2022 22:00:00;04.09.2022 23:00:00;40.97;Cent/kWh
04.09.2022 23:00:00;05.09.2022 00:00:00;33.39;Cent/kWh
05.09.2022 00:00:00;05.09.2022 01:00:00;28.80;Cent/kWh
05.09.2022 01:00:00;05.09.2022 02:00:00;22.00;Cent/kWh
05.09.2022 02:00:00;05.09.2022 03:00:00;21.78;Cent/kWh
05.09.2022 03:00:00;05.09.2022 04:00:00;22.28;Cent/kWh
05.09.2022 04:00:00;05.09.2022 05:00:00;23.93;Cent/kWh
05.09.2022 05:00:00;05.09.2022 06:00:00;36.75;Cent/kWh
05.09.2022 06:00:00;05.09.2022 07:00:00;45.99;Cent/kWh
05.09.2022 07:00:00;05.09.2022 08:00:00;50.65;Cent/kWh
05.09.2022 08:00:00;05.09.2022 09:00:00;51.99;Cent/kWh
05.09.2022 09:00:00;05.09.2022 10:00:00;49.26;Cent/kWh
05.09.2022 10:00:00;05.09.2022 11:00:00;47.10;Cent/kWh
05.09.2022 11:00:00;05.09.2022 12:00:00;47.59;Cent/kWh
05.09.2022 12:00:00;05.09.2022 13:00:00;51.00;Cent/kWh
05.09.2022 13:00:00;05.09.2022 14:00:00;51.49;Cent/kWh
05.09.2022 14:00:00;05.09.2022 15:00:00;52.00;Cent/kWh
05.09.2022 15:00:00;05.09.2022 16:00:00;51.00;Cent/kWh
05.09.2022 16:00:00;05.09.2022 17:00:00;51.49;Cent/kWh
05.09.2022 17:00:00;05.09.2022 18:00:00;52.01;Cent/kWh
05.09.2022 18:00:00;05.09.2022 19:00:00;56.93;Cent/kWh
05.09.2022 19:00:00;05.09.2022 20:00:00;61.62;Cent/kWh
05.09.2022 20:00:00;05.09.2022 21:00:00;56.39;Cent/kWh
05.09.2022 21:00:00;05.09.2022 22:00:00;50.86;Cent/kWh
05.09.2022 22:00:00;05.09.2022 23:00:00;49.79;Cent/kWh
05.09.2022 23:00:00;06.09.2022 00:00:00;38.57;Cent/kWh
06.09.2022 00:00:00;06.09.2022 01:00:00;38.51;Cent/kWh
06.09.2022 01:00:00;06.09.2022 02:00:00;40.90;Cent/kWh
06.09.2022 02:00:00;06.09.2022 03:00:00;41.11;Cent/kWh
06.09.2022 03:00:00;06.09.2022 04:00:00;40.90;Cent/kWh
06.09.2022 04:00:00;06.09.2022 05:00:00;38.52;Cent/kWh
06.09.2022 05:00:00;06.09.2022 06:00:00;43.68;Cent/kWh
06.09.2022 06:00:00;06.09.2022 07:00:00;54.15;Cent/kWh
06.09.2022 07:00:00;06.09.2022 08:00:00;56.32;Cent/kWh
06.09.2022 08:00:00;06.09.2022 09:00:00;56.98;Cent/kWh
06.09.2022 09:00:00;06.09.2022 10:00:00;56.63;Cent/kWh
06.09.2022 10:00:00;06.09.2022 11:00:00;54.00;Cent/kWh
06.09.2022 11:00:00;06.09.2022 12:00:00;54.68;Cent/kWh
06.09.2022 12:00:00;06.09.2022 13:00:00;54.00;Cent/kWh
06.09.2022 13:00:00;06.09.2022 14:00:00;55.66;Cent/kWh
06.09.2022 14:00:00;06.09.2022 15:00:00;54.00;Cent/kWh
06.09.2022 15:00:00;06.09.2022 16:00:00;54.16;Cent/kWh
06.09.2022 16:00:00;06.09.2022 17:00:00;54.00;Cent/kWh
06.09.2022 17:00:00;06.09.2022 18:00:00;54.00;Cent/kWh
06.09.2022 18:00:00;06.09.2022 19:00:00;56.00;Cent/kWh
06.09.2022 19:00:00;06.09.2022 20:00:00;62.71;Cent/kWh
06.09.2022 20:00:00;06.09.2022 21:00:00;60.31;Cent/kWh
06.09.2022 21:00:00;06.09.2022 22:00:00;53.29;Cent/kWh
06.09.2022 22:00:00;06.09.2022 23:00:00;53.01;Cent/kWh
06.09.2022 23:00:00;07.09.2022 00:00:00;51.98;Cent/kWh
07.09.2022 00:00:00;07.09.2022 01:00:00;41.53;Cent/kWh
07.09.2022 01:00:00;07.09.2022 02:00:00;39.83;Cent/kWh
07.09.2022 02:00:00;07.09.2022 03:00:00;40.84;Cent/kWh
07.09.2022 03:00:00;07.09.2022 04:00:00;37.41;Cent/kWh
07.09.2022 04:00:00;07.09.2022 05:00:00;40.40;Cent/kWh
07.09.2022 05:00:00;07.09.2022 06:00:00;42.01;Cent/kWh
07.09.2022 06:00:00;07.09.2022 07:00:00;48.47;Cent/kWh
07.09.2022 07:00:00;07.09.2022 08:00:00;51.99;Cent/kWh
07.09.2022 08:00:00;07.09.2022 09:00:00;52.48;Cent/kWh
07.09.2022 09:00:00;07.09.2022 10:00:00;50.10;Cent/kWh
07.09.2022 10:00:00;07.09.2022 11:00:00;47.16;Cent/kWh
07.09.2022 11:00:00;07.09.2022 12:00:00;44.67;Cent/kWh
07.09.2022 12:00:00;07.09.2022 13:00:00;45.02;Cent/kWh
07.09.2022 13:00:00;07.09.2022 14:00:00;44.01;Cent/kWh
07.09.2022 14:00:00;07.09.2022 15:00:00;44.45;Cent/kWh
07.09.2022 15:00:00;07.09.2022 16:00:00;47.21;Cent/kWh
07.09.2022 16:00:00;07.09.2022 17:00:00;46.69;Cent/kWh
07.09.2022 17:00:00;07.09.2022 18:00:00;52.44;Cent/kWh
07.09.2022 18:00:00;07.09.2022 19:00:00;57.50;Cent/kWh
07.09.2022 19:00:00;07.09.2022 20:00:00;63.12;Cent/kWh
07.09.2022 20:00:00;07.09.2022 21:00:00;60.00;Cent/kWh
07.09.2022 21:00:00;07.09.2022 22:00:00;54.96;Cent/kWh
07.09.2022 22:00:00;07.09.2022 23:00:00;48.64;Cent/kWh
07.09.2022 23:00:00;08.09.2022 00:00:00;43.88;Cent/kWh
08.09.2022 00:00:00;08.09.2022 01:00:00;44.20;Cent/kWh
08.09.2022 01:00:00;08.09.2022 02:00:00;40.78;Cent/kWh
08.09.2022 02:00:00;08.09.2022 03:00:00;40.02;Cent/kWh
08.09.2022 03:00:00;08.09.2022 04:00:00;38.19;Cent/kWh
08.09.2022 04:00:00;08.09.2022 05:00:00;37.92;Cent/kWh
08.09.2022 05:00:00;08.09.2022 06:00:00;40.41;Cent/kWh
08.09.2022 06:00:00;08.09.2022 07:00:00;50.09;Cent/kWh
08.09.2022 07:00:00;08.09.2022 08:00:00;52.00;Cent/kWh
08.09.2022 08:00:00;08.09.2022 09:00:00;52.41;Cent/kWh
08.09.2022 09:00:00;08.09.2022 10:00:00;50.99;Cent/kWh
08.09.2022 10:00:00;08.09.2022 11:00:00;48.35;Cent/kWh
08.09.2022 11:00:00;08.09.2022 12:00:00;49.00;Cent/kWh
08.09.2022 12:00:00;08.09.2022 13:00:00;46.64;Cent/kWh
08.09.2022 13:00:00;08.09.2022 14:00:00;43.00;Cent/kWh
08.09.2022 14:00:00;08.09.2022 15:00:00;44.82;Cent/kWh
08.09.2022 15:00:00;08.09.2022 16:00:00;42.89;Cent/kWh
08.09.2022 16:00:00;08.09.2022 17:00:00;42.99;Cent/kWh
08.09.2022 17:00:00;08.09.2022 18:00:00;45.25;Cent/kWh
08.09.2022 18:00:00;08.09.2022 19:00:00;50.49;Cent/kWh
08.09.2022 19:00:00;08.09.2022 20:00:00;51.00;Cent/kWh
08.09.2022 20:00:00;08.09.2022 21:00:00;51.28;Cent/kWh
08.09.2022 21:00:00;08.09.2022 22:00:00;49.96;Cent/kWh
08.09.2022 22:00:00;08.09.2022 23:00:00;50.99;Cent/kWh
08.09.2022 23:00:00;09.09.2022 00:00:00;42.78;Cent/kWh
09.09.2022 00:00:00;09.09.2022 01:00:00;30.00;Cent/kWh
09.09.2022 01:00:00;09.09.2022 02:00:00;23.82;Cent/kWh
09.09.2022 02:00:00;09.09.2022 03:00:00;22.97;Cent/kWh
09.09.2022 03:00:00;09.09.2022 04:00:00;21.58;Cent/kWh
09.09.2022 04:00:00;09.09.2022 05:00:00;22.69;Cent/kWh
09.09.2022 05:00:00;09.09.2022 06:00:00;27.87;Cent/kWh
09.09.2022 06:00:00;09.09.2022 07:00:00;41.44;Cent/kWh
09.09.2022 07:00:00;09.09.2022 08:00:00;44.09;Cent/kWh
09.09.2022 08:00:00;09.09.2022 09:00:00;44.44;Cent/kWh
09.09.2022 09:00:00;09.09.2022 10:00:00;40.74;Cent/kWh
09.09.2022 10:00:00;09.09.2022 11:00:00;35.89;Cent/kWh
09.09.2022 11:00:00;09.09.2022 12:00:00;35.02;Cent/kWh
09.09.2022 12:00:00;09.09.2022 13:00:00;37.58;Cent/kWh
09.09.2022 13:00:00;09.09.2022 14:00:00;33.31;Cent/kWh
09.09.2022 14:00:00;09.09.2022 15:00:00;33.21;Cent/kWh
09.09.2022 15:00:00;09.09.2022 16:00:00;35.50;Cent/kWh
09.09.2022 16:00:00;09.09.2022 17:00:00;41.97;Cent/kWh
09.09.2022 17:00:00;09.09.2022 18:00:00;42.00;Cent/kWh
09.09.2022 18:00:00;09.09.2022 19:00:00;43.53;Cent/kWh
09.09.2022 19:00:00;09.09.2022 20:00:00;46.74;Cent/kWh
09.09.2022 20:00:00;09.09.2022 21:00:00;46.50;Cent/kWh
09.09.2022 21:00:00;09.09.2022 22:00:00;42.00;Cent/kWh
09.09.2022 22:00:00;09.09.2022 23:00:00;39.83;Cent/kWh
09.09.2022 23:00:00;10.09.2022 00:00:00;37.54;Cent/kWh
10.09.2022 00:00:00;10.09.2022 01:00:00;40.09;Cent/kWh
10.09.2022 01:00:00;10.09.2022 02:00:00;35.91;Cent/kWh
10.09.2022 02:00:00;10.09.2022 03:00:00;35.21;Cent/kWh
10.09.2022 03:00:00;10.09.2022 04:00:00;34.81;Cent/kWh
10.09.2022 04:00:00;10.09.2022 05:00:00;34.81;Cent/kWh
10.09.2022 05:00:00;10.09.2022 06:00:00;35.60;Cent/kWh
10.09.2022 06:00:00;10.09.2022 07:00:00;38.13;Cent/kWh
10.09.2022 07:00:00;10.09.2022 08:00:00;41.11;Cent/kWh
10.09.2022 08:00:00;10.09.2022 09:00:00;42.77;Cent/kWh
10.09.2022 09:00:00;10.09.2022 10:00:00;42.92;Cent/kWh
10.09.2022 10:00:00;10.09.2022 11:00:00;41.99;Cent/kWh
10.09.2022 11:00:00;10.09.2022 12:00:00;41.84;Cent/kWh
10.09.2022 12:00:00;10.09.2022 13:00:00;40.00;Cent/kWh
10.09.2022 13:00:00;10.09.2022 14:00:00;35.50;Cent/kWh
10.09.2022 14:00:00;10.09.2022 15:00:00;34.90;Cent/kWh
10.09.2022 15:00:00;10.09.2022 16:00:00;35.34;Cent/kWh
10.09.2022 16:00:00;10.09.2022 17:00:00;37.20;Cent/kWh
10.09.2022 17:00:00;10.09.2022 18:00:00;43.62;Cent/kWh
10.09.2022 18:00:00;10.09.2022 19:00:00;46.95;Cent/kWh
10.09.2022 19:00:00;10.09.2022 20:00:00;49.19;Cent/kWh
10.09.2022 20:00:00;10.09.2022 21:00:00;48.40;Cent/kWh
10.09.2022 21:00:00;10.09.2022 22:00:00;46.00;Cent/kWh
10.09.2022 22:00:00;10.09.2022 23:00:00;44.40;Cent/kWh
10.09.2022 23:00:00;11.09.2022 00:00:00;43.70;Cent/kWh
11.09.2022 00:00:00;11.09.2022 01:00:00;42.15;Cent/kWh
11.09.2022 01:00:00;11.09.2022 02:00:00;38.51;Cent/kWh
11.09.2022 02:00:00;11.09.2022 03:00:00;38.51;Cent/kWh
11.09.2022 03:00:00;11.09.2022 04:00:00;36.92;Cent/kWh
11.09.2022 04:00:00;11.09.2022 05:00:00;35.85;Cent/kWh
11.09.2022 05:00:00;11.09.2022 06:00:00;36.90;Cent/kWh
11.09.2022 06:00:00;11.09.2022 07:00:00;37.90;Cent/kWh
11.09.2022 07:00:00;11.09.2022 08:00:00;38.50;Cent/kWh
11.09.2022 08:00:00;11.09.2022 09:00:00;40.21;Cent/kWh
11.09.2022 09:00:00;11.09.2022 10:00:00;40.21;Cent/kWh
11.09.2022 10:00:00;11.09.2022 11:00:00;38.85;Cent/kWh
11.09.2022 11:00:00;11.09.2022 12:00:00;38.00;Cent/kWh
11.09.2022 12:00:00;11.09.2022 13:00:00;36.00;Cent/kWh
11.09.2022 13:00:00;11.09.2022 14:00:00;29.50;Cent/kWh
11.09.2022 14:00:00;11.09.2022 15:00:00;25.18;Cent/kWh
11.09.2022 15:00:00;11.09.2022 16:00:00;29.70;Cent/kWh
11.09.2022 16:00:00;11.09.2022 17:00:00;34.31;Cent/kWh
11.09.2022 17:00:00;11.09.2022 18:00:00;40.43;Cent/kWh
11.09.2022 18:00:00;11.09.2022 19:00:00;46.00;Cent/kWh
11.09.2022 19:00:00;11.09.2022 20:00:00;50.59;Cent/kWh
11.09.2022 20:00:00;11.09.2022 21:00:00;51.72;Cent/kWh
11.09.2022 21:00:00;11.09.2022 22:00:00;48.49;Cent/kWh
11.09.2022 22:00:00;11.09.2022 23:00:00;45.13;Cent/kWh
11.09.2022 23:00:00;12.09.2022 00:00:00;40.00;Cent/kWh
12.09.2022 00:00:00;12.09.2022 01:00:00;34.71;Cent/kWh
12.09.2022 01:00:00;12.09.2022 02:00:00;34.58;Cent/kWh
12.09.2022 02:00:00;12.09.2022 03:00:00;34.53;Cent/kWh
12.09.2022 03:00:00;12.09.2022 04:00:00;34.99;Cent/kWh
12.09.2022 04:00:00;12.09.2022 05:00:00;35.34;Cent/kWh
12.09.2022 05:00:00;12.09.2022 06:00:00;38.91;Cent/kWh
12.09.2022 06:00:00;12.09.2022 07:00:00;46.38;Cent/kWh
12.09.2022 07:00:00;12.09.2022 08:00:00;50.24;Cent/kWh
12.09.2022 08:00:00;12.09.2022 09:00:00;49.65;Cent/kWh
12.09.2022 09:00:00;12.09.2022 10:00:00;46.95;Cent/kWh
12.09.2022 10:00:00;12.09.2022 11:00:00;40.77;Cent/kWh
12.09.2022 11:00:00;12.09.2022 12:00:00;39.89;Cent/kWh
12.09.2022 12:00:00;12.09.2022 13:00:00;38.09;Cent/kWh
12.09.2022 13:00:00;12.09.2022 14:00:00;38.37;Cent/kWh
12.09.2022 14:00:00;12.09.2022 15:00:00;37.89;Cent/kWh
12.09.2022 15:00:00;12.09.2022 16:00:00;40.54;Cent/kWh
12.09.2022 16:00:00;12.09.2022 17:00:00;42.61;Cent/kWh
12.09.2022 17:00:00;12.09.2022 18:00:00;47.17;Cent/kWh
12.09.2022 18:00:00;12.09.2022 19:00:00;51.50;Cent/kWh
12.09.2022 19:00:00;12.09.2022 20:00:00;54.06;Cent/kWh
12.09.2022 20:00:00;12.09.2022 21:00:00;51.56;Cent/kWh
12.09.2022 21:00:00;12.09.2022 22:00:00;45.11;Cent/kWh
12.09.2022 22:00:00;12.09.2022 23:00:00;37.51;Cent/kWh
12.09.2022 23:00:00;13.09.2022 00:00:00;36.21;Cent/kWh
13.09.2022 00:00:00;13.09.2022 01:00:00;34.51;Cent/kWh
13.09.2022 01:00:00;13.09.2022 02:00:00;32.60;Cent/kWh
13.09.2022 02:00:00;13.09.2022 03:00:00;32.69;Cent/kWh
13.09.2022 03:00:00;13.09.2022 04:00:00;32.55;Cent/kWh
13.09.2022 04:00:00;13.09.2022 05:00:00;34.51;Cent/kWh
13.09.2022 05:00:00;13.09.2022 06:00:00;35.75;Cent/kWh
13.09.2022 06:00:00;13.09.2022 07:00:00;43.00;Cent/kWh
13.09.2022 07:00:00;13.09.2022 08:00:00;46.63;Cent/kWh
13.09.2022 08:00:00;13.09.2022 09:00:00;47.27;Cent/kWh
13.09.2022 09:00:00;13.09.2022 10:00:00;44.49;Cent/kWh
13.09.2022 10:00:00;13.09.2022 11:00:00;42.00;Cent/kWh
13.09.2022 11:00:00;13.09.2022 12:00:00;42.97;Cent/kWh
13.09.2022 12:00:00;13.09.2022 13:00:00;44.39;Cent/kWh
13.09.2022 13:00:00;13.09.2022 14:00:00;42.82;Cent/kWh
13.09.2022 14:00:00;13.09.2022 15:00:00;44.42;Cent/kWh
13.09.2022 15:00:00;13.09.2022 16:00:00;45.49;Cent/kWh
13.09.2022 16:00:00;13.09.2022 17:00:00;47.50;Cent/kWh
13.09.2022 17:00:00;13.09.2022 18:00:00;44.57;Cent/kWh
13.09.2022 18:00:00;13.09.2022 19:00:00;49.49;Cent/kWh
13.09.2022 19:00:00;13.09.2022 20:00:00;49.00;Cent/kWh
13.09.2022 20:00:00;13.09.2022 21:00:00;49.00;Cent/kWh
13.09.2022 21:00:00;13.09.2022 22:00:00;45.91;Cent/kWh
13.09.2022 22:00:00;13.09.2022 23:00:00;43.50;Cent/kWh
13.09.2022 23:00:00;14.09.2022 00:00:00;35.78;Cent/kWh
14.09.2022 00:00:00;14.09.2022 01:00:00;34.51;Cent/kWh
14.09.2022 01:00:00;14.09.2022 02:00:00;35.10;Cent/kWh
14.09.2022 02:00:00;14.09.2022 03:00:00;34.51;Cent/kWh
14.09.2022 03:00:00;14.09.2022 04:00:00;33.56;Cent/kWh
14.09.2022 04:00:00;14.09.2022 05:00:00;35.11;Cent/kWh
14.09.2022 05:00:00;14.09.2022 06:00:00;37.54;Cent/kWh
14.09.2022 06:00:00;14.09.2022 07:00:00;46.18;Cent/kWh
14.09.2022 07:00:00;14.09.2022 08:00:00;50.57;Cent/kWh
14.09.2022 08:00:00;14.09.2022 09:00:00;56.49;Cent/kWh
14.09.2022 09:00:00;14.09.2022 10:00:00;52.14;Cent/kWh
14.09.2022 10:00:00;14.09.2022 11:00:00;50.01;Cent/kWh
14.09.2022 11:00:00;14.09.2022 12:00:00;49.49;Cent/kWh
14.09.2022 12:00:00;14.09.2022 13:00:00;47.99;Cent/kWh
14.09.2022 13:00:00;14.09.2022 14:00:00;45.44;Cent/kWh
14.09.2022 14:00:00;14.09.2022 15:00:00;45.02;Cent/kWh
14.09.2022 15:00:00;14.09.2022 16:00:00;45.99;Cent/kWh
14.09.2022 16:00:00;14.09.2022 17:00:00;48.00;Cent/kWh
14.09.2022 17:00:00;14.09.2022 18:00:00;50.14;Cent/kWh
14.09.2022 18:00:00;14.09.2022 19:00:00;54.64;Cent/kWh
14.09.2022 19:00:00;14.09.2022 20:00:00;62.86;Cent/kWh
14.09.2022 20:00:00;14.09.2022 21:00:00;53.79;Cent/kWh
14.09.2022 21:00:00;14.09.2022 22:00:00;46.03;Cent/kWh
14.09.2022 22:00:00;14.09.2022 23:00:00;42.15;Cent/kWh
14.09.2022 23:00:00;15.09.2022 00:00:00;35.85;Cent/kWh
15.09.2022 00:00:00;15.09.2022 01:00:00;39.16;Cent/kWh
15.09.2022 01:00:00;15.09.2022 02:00:00;33.88;Cent/kWh
15.09.2022 02:00:00;15.09.2022 03:00:00;31.73;Cent/kWh
15.09.2022 03:00:00;15.09.2022 04:00:00;30.19;Cent/kWh
15.09.2022 04:00:00;15.09.2022 05:00:00;29.92;Cent/kWh
15.09.2022 05:00:00;15.09.2022 06:00:00;36.16;Cent/kWh
15.09.2022 06:00:00;15.09.2022 07:00:00;45.00;Cent/kWh
15.09.2022 07:00:00;15.09.2022 08:00:00;47.41;Cent/kWh
15.09.2022 08:00:00;15.09.2022 09:00:00;50.01;Cent/kWh
15.09.2022 09:00:00;15.09.2022 10:00:00;47.35;Cent/kWh
15.09.2022 10:00:00;15.09.2022 11:00:00;42.53;Cent/kWh
15.09.2022 11:00:00;15.09.2022 12:00:00;39.81;Cent/kWh
15.09.2022 12:00:00;15.09.2022 13:00:00;39.97;Cent/kWh
15.09.2022 13:00:00;15.09.2022 14:00:00;37.60;Cent/kWh
15.09.2022 14:00:00;15.09.2022 15:00:00;40.00;Cent/kWh
15.09.2022 15:00:00;15.09.2022 16:00:00;40.99;Cent/kWh
15.09.2022 16:00:00;15.09.2022 17:00:00;41.22;Cent/kWh
15.09.2022 17:00:00;15.09.2022 18:00:00;40.79;Cent/kWh
15.09.2022 18:00:00;15.09.2022 19:00:00;45.78;Cent/kWh
15.09.2022 19:00:00;15.09.2022 20:00:00;46.09;Cent/kWh
15.09.2022 20:00:00;15.09.2022 21:00:00;45.01;Cent/kWh
15.09.2022 21:00:00;15.09.2022 22:00:00;39.47;Cent/kWh
15.09.2022 22:00:00;15.09.2022 23:00:00;37.41;Cent/kWh
15.09.2022 23:00:00;16.09.2022 00:00:00;27.00;Cent/kWh
16.09.2022 00:00:00;16.09.2022 01:00:00;30.14;Cent/kWh
16.09.2022 01:00:00;16.09.2022 02:00:00;25.81;Cent/kWh
16.09.2022 02:00:00;16.09.2022 03:00:00;23.46;Cent/kWh
16.09.2022 03:00:00;16.09.2022 04:00:00;22.48;Cent/kWh
16.09.2022 04:00:00;16.09.2022 05:00:00;22.40;Cent/kWh
16.09.2022 05:00:00;16.09.2022 06:00:00;28.75;Cent/kWh
16.09.2022 06:00:00;16.09.2022 07:00:00;40.00;Cent/kWh
16.09.2022 07:00:00;16.09.2022 08:00:00;46.78;Cent/kWh
16.09.2022 08:00:00;16.09.2022 09:00:00;49.50;Cent/kWh
16.09.2022 09:00:00;16.09.2022 10:00:00;45.42;Cent/kWh
16.09.2022 10:00:00;16.09.2022 11:00:00;41.75;Cent/kWh
16.09.2022 11:00:00;16.09.2022 12:00:00;40.99;Cent/kWh
16.09.2022 12:00:00;16.09.2022 13:00:00;37.99;Cent/kWh
16.09.2022 13:00:00;16.09.2022 14:00:00;39.50;Cent/kWh
16.09.2022 14:00:00;16.09.2022 15:00:00;40.00;Cent/kWh
16.09.2022 15:00:00;16.09.2022 16:00:00;39.49;Cent/kWh
16.09.2022 16:00:00;16.09.2022 17:00:00;41.99;Cent/kWh
16.09.2022 17:00:00;16.09.2022 18:00:00;40.99;Cent/kWh
16.09.2022 18:00:00;16.09.2022 19:00:00;41.52;Cent/kWh
16.09.2022 19:00:00;16.09.2022 20:00:00;45.01;Cent/kWh
16.09.2022 20:00:00;16.09.2022 21:00:00;41.00;Cent/kWh
16.09.2022 21:00:00;16.09.2022 22:00:00;37.29;Cent/kWh
16.09.2022 22:00:00;16.09.2022 23:00:00;31.31;Cent/kWh
16.09.2022 23:00:00;17.09.2022 00:00:00;23.59;Cent/kWh
17.09.2022 00:00:00;17.09.2022 01:00:00;28.59;Cent/kWh
17.09.2022 01:00:00;17.09.2022 02:00:00;27.11;Cent/kWh
17.09.2022 02:00:00;17.09.2022 03:00:00;27.33;Cent/kWh
17.09.2022 03:00:00;17.09.2022 04:00:00;16.98;Cent/kWh
17.09.2022 04:00:00;17.09.2022 05:00:00;21.99;Cent/kWh
17.09.2022 05:00:00;17.09.2022 06:00:00;23.00;Cent/kWh
17.09.2022 06:00:00;17.09.2022 07:00:00;27.10;Cent/kWh
17.09.2022 07:00:00;17.09.2022 08:00:00;36.51;Cent/kWh
17.09.2022 08:00:00;17.09.2022 09:00:00;37.62;Cent/kWh
17.09.2022 09:00:00;17.09.2022 10:00:00;38.30;Cent/kWh
17.09.2022 10:00:00;17.09.2022 11:00:00;28.30;Cent/kWh
17.09.2022 11:00:00;17.09.2022 12:00:00;32.49;Cent/kWh
17.09.2022 12:00:00;17.09.2022 13:00:00;35.72;Cent/kWh
17.09.2022 13:00:00;17.09.2022 14:00:00;35.35;Cent/kWh
17.09.2022 14:00:00;17.09.2022 15:00:00;26.01;Cent/kWh
17.09.2022 15:00:00;17.09.2022 16:00:00;25.96;Cent/kWh
17.09.2022 16:00:00;17.09.2022 17:00:00;25.80;Cent/kWh
17.09.2022 17:00:00;17.09.2022 18:00:00;30.70;Cent/kWh
17.09.2022 18:00:00;17.09.2022 19:00:00;32.35;Cent/kWh
17.09.2022 19:00:00;17.09.2022 20:00:00;39.49;Cent/kWh
17.09.2022 20:00:00;17.09.2022 21:00:00;37.33;Cent/kWh
17.09.2022 21:00:00;17.09.2022 22:00:00;25.80;Cent/kWh
17.09.2022 22:00:00;17.09.2022 23:00:00;25.80;Cent/kWh
17.09.2022 23:00:00;18.09.2022 00:00:00;20.08;Cent/kWh
18.09.2022 00:00:00;18.09.2022 01:00:00;23.18;Cent/kWh
18.09.2022 01:00:00;18.09.2022 02:00:00;23.25;Cent/kWh
18.09.2022 02:00:00;18.09.2022 03:00:00;20.33;Cent/kWh
18.09.2022 03:00:00;18.09.2022 04:00:00;18.12;Cent/kWh
18.09.2022 04:00:00;18.09.2022 05:00:00;6.47;Cent/kWh
18.09.2022 05:00:00;18.09.2022 06:00:00;16.55;Cent/kWh
18.09.2022 06:00:00;18.09.2022 07:00:00;12.56;Cent/kWh
18.09.2022 07:00:00;18.09.2022 08:00:00;14.01;Cent/kWh
18.09.2022 08:00:00;18.09.2022 09:00:00;18.25;Cent/kWh
18.09.2022 09:00:00;18.09.2022 10:00:00;20.00;Cent/kWh
18.09.2022 10:00:00;18.09.2022 11:00:00;23.13;Cent/kWh
18.09.2022 11:00:00;18.09.2022 12:00:00;16.50;Cent/kWh
18.09.2022 12:00:00;18.09.2022 13:00:00;14.13;Cent/kWh
18.09.2022 13:00:00;18.09.2022 14:00:00;4.34;Cent/kWh
18.09.2022 14:00:00;18.09.2022 15:00:00;3.03;Cent/kWh
18.09.2022 15:00:00;18.09.2022 16:00:00;7.00;Cent/kWh
18.09.2022 16:00:00;18.09.2022 17:00:00;11.14;Cent/kWh
18.09.2022 17:00:00;18.09.2022 18:00:00;16.47;Cent/kWh
18.09.2022 18:00:00;18.09.2022 19:00:00;26.01;Cent/kWh
18.09.2022 19:00:00;18.09.2022 20:00:00;32.96;Cent/kWh
18.09.2022 20:00:00;18.09.2022 21:00:00;18.27;Cent/kWh
18.09.2022 21:00:00;18.09.2022 22:00:00;26.50;Cent/kWh
18.09.2022 22:00:00;18.09.2022 23:00:00;26.04;Cent/kWh
18.09.2022 23:00:00;19.09.2022 00:00:00;23.96;Cent/kWh
19.09.2022 00:00:00;19.09.2022 01:00:00;15.52;Cent/kWh
19.09.2022 01:00:00;19.09.2022 02:00:00;13.27;Cent/kWh
19.09.2022 02:00:00;19.09.2022 03:00:00;17.39;Cent/kWh
19.09.2022 03:00:00;19.09.2022 04:00:00;14.35;Cent/kWh
19.09.2022 04:00:00;19.09.2022 05:00:00;14.68;Cent/kWh
19.09.2022 05:00:00;19.09.2022 06:00:00;20.58;Cent/kWh
19.09.2022 06:00:00;19.09.2022 07:00:00;35.29;Cent/kWh
19.09.2022 07:00:00;19.09.2022 08:00:00;41.01;Cent/kWh
19.09.2022 08:00:00;19.09.2022 09:00:00;41.54;Cent/kWh
19.09.2022 09:00:00;19.09.2022 10:00:00;35.81;Cent/kWh
19.09.2022 10:00:00;19.09.2022 11:00:00;32.66;Cent/kWh
19.09.2022 11:00:00;19.09.2022 12:00:00;24.85;Cent/kWh
19.09.2022 12:00:00;19.09.2022 13:00:00;21.07;Cent/kWh
19.09.2022 13:00:00;19.09.2022 14:00:00;17.56;Cent/kWh
19.09.2022 14:00:00;19.09.2022 15:00:00;19.26;Cent/kWh
19.09.2022 15:00:00;19.09.2022 16:00:00;25.49;Cent/kWh
19.09.2022 16:00:00;19.09.2022 17:00:00;28.27;Cent/kWh
19.09.2022 17:00:00;19.09.2022 18:00:00;35.00;Cent/kWh
19.09.2022 18:00:00;19.09.2022 19:00:00;40.74;Cent/kWh
19.09.2022 19:00:00;19.09.2022 20:00:00;44.21;Cent/kWh
19.09.2022 20:00:00;19.09.2022 21:00:00;42.01;Cent/kWh
19.09.2022 21:00:00;19.09.2022 22:00:00;37.50;Cent/kWh
19.09.2022 22:00:00;19.09.2022 23:00:00;34.27;Cent/kWh
19.09.2022 23:00:00;20.09.2022 00:00:00;29.67;Cent/kWh
20.09.2022 00:00:00;20.09.2022 01:00:00;26.18;Cent/kWh
20.09.2022 01:00:00;20.09.2022 02:00:00;26.01;Cent/kWh
20.09.2022 02:00:00;20.09.2022 03:00:00;27.31;Cent/kWh
20.09.2022 03:00:00;20.09.2022 04:00:00;26.25;Cent/kWh
20.09.2022 04:00:00;20.09.2022 05:00:00;26.01;Cent/kWh
20.09.2022 05:00:00;20.09.2022 06:00:00;27.83;Cent/kWh
20.09.2022 06:00:00;20.09.2022 07:00:00;37.50;Cent/kWh
20.09.2022 07:00:00;20.09.2022 08:00:00;43.30;Cent/kWh
20.09.2022 08:00:00;20.09.2022 09:00:00;44.62;Cent/kWh
20.09.2022 09:00:00;20.09.2022 10:00:00;41.42;Cent/kWh
20.09.2022 10:00:00;20.09.2022 11:00:00;36.94;Cent/kWh
20.09.2022 11:00:00;20.09.2022 12:00:00;35.12;Cent/kWh
20.09.2022 12:00:00;20.09.2022 13:00:00;32.52;Cent/kWh
20.09.2022 13:00:00;20.09.2022 14:00:00;31.58;Cent/kWh
20.09.2022 14:00:00;20.09.2022 15:00:00;31.70;Cent/kWh
20.09.2022 15:00:00;20.09.2022 16:00:00;33.03;Cent/kWh
20.09.2022 16:00:00;20.09.2022 17:00:00;37.18;Cent/kWh
20.09.2022 17:00:00;20.09.2022 18:00:00;41.88;Cent/kWh
20.09.2022 18:00:00;20.09.2022 19:00:00;46.91;Cent/kWh
20.09.2022 19:00:00;20.09.2022 20:00:00;54.96;Cent/kWh
20.09.2022 20:00:00;20.09.2022 21:00:00;50.38;Cent/kWh
20.09.2022 21:00:00;20.09.2022 22:00:00;42.99;Cent/kWh
20.09.2022 22:00:00;20.09.2022 23:00:00;38.82;Cent/kWh
20.09.2022 23:00:00;21.09.2022 00:00:00;35.52;Cent/kWh
21.09.2022 00:00:00;21.09.2022 01:00:00;31.03;Cent/kWh
21.09.2022 01:00:00;21.09.2022 02:00:00;29.96;Cent/kWh
21.09.2022 02:00:00;21.09.2022 03:00:00;29.95;Cent/kWh
21.09.2022 03:00:00;21.09.2022 04:00:00;29.96;Cent/kWh
21.09.2022 04:00:00;21.09.2022 05:00:00;29.73;Cent/kWh
21.09.2022 05:00:00;21.09.2022 06:00:00;33.95;Cent/kWh
21.09.2022 06:00:00;21.09.2022 07:00:00;41.80;Cent/kWh
21.09.2022 07:00:00;21.09.2022 08:00:00;53.48;Cent/kWh
21.09.2022 08:00:00;21.09.2022 09:00:00;52.29;Cent/kWh
21.09.2022 09:00:00;21.09.2022 10:00:00;40.82;Cent/kWh
21.09.2022 10:00:00;21.09.2022 11:00:00;36.10;Cent/kWh
21.09.2022 11:00:00;21.09.2022 12:00:00;36.38;Cent/kWh
21.09.2022 12:00:00;21.09.2022 13:00:00;31.08;Cent/kWh
21.09.2022 13:00:00;21.09.2022 14:00:00;30.98;Cent/kWh
21.09.2022 14:00:00;21.09.2022 15:00:00;30.70;Cent/kWh
21.09.2022 15:00:00;21.09.2022 16:00:00;33.19;Cent/kWh
21.09.2022 16:00:00;21.09.2022 17:00:00;36.43;Cent/kWh
21.09.2022 17:00:00;21.09.2022 18:00:00;40.67;Cent/kWh
21.09.2022 18:00:00;21.09.2022 19:00:00;47.00;Cent/kWh
21.09.2022 19:00:00;21.09.2022 20:00:00;57.45;Cent/kWh
21.09.2022 20:00:00;21.09.2022 21:00:00;49.05;Cent/kWh
21.09.2022 21:00:00;21.09.2022 22:00:00;40.37;Cent/kWh
21.09.2022 22:00:00;21.09.2022 23:00:00;37.00;Cent/kWh
21.09.2022 23:00:00;22.09.2022 00:00:00;34.94;Cent/kWh
22.09.2022 00:00:00;22.09.2022 01:00:00;37.31;Cent/kWh
22.09.2022 01:00:00;22.09.2022 02:00:00;33.94;Cent/kWh
22.09.2022 02:00:00;22.09.2022 03:00:00;33.01;Cent/kWh
22.09.2022 03:00:00;22.09.2022 04:00:00;31.09;Cent/kWh
22.09.2022 04:00:00;22.09.2022 05:00:00;32.22;Cent/kWh
22.09.2022 05:00:00;22.09.2022 06:00:00;36.00;Cent/kWh
22.09.2022 06:00:00;22.09.2022 07:00:00;43.51;Cent/kWh
22.09.2022 07:00:00;22.09.2022 08:00:00;53.60;Cent/kWh
22.09.2022 08:00:00;22.09.2022 09:00:00;49.20;Cent/kWh
22.09.2022 09:00:00;22.09.2022 10:00:00;37.00;Cent/kWh
22.09.2022 10:00:00;22.09.2022 11:00:00;33.44;Cent/kWh
22.09.2022 11:00:00;22.09.2022 12:00:00;32.00;Cent/kWh
22.09.2022 12:00:00;22.09.2022 13:00:00;36.15;Cent/kWh
22.09.2022 13:00:00;22.09.2022 14:00:00;36.14;Cent/kWh
22.09.2022 14:00:00;22.09.2022 15:00:00;35.50;Cent/kWh
22.09.2022 15:00:00;22.09.2022 16:00:00;36.88;Cent/kWh
22.09.2022 16:00:00;22.09.2022 17:00:00;37.69;Cent/kWh
22.09.2022 17:00:00;22.09.2022 18:00:00;43.77;Cent/kWh
22.09.2022 18:00:00;22.09.2022 19:00:00;49.21;Cent/kWh
22.09.2022 19:00:00;22.09.2022 20:00:00;60.00;Cent/kWh
22.09.2022 20:00:00;22.09.2022 21:00:00;51.00;Cent/kWh
22.09.2022 21:00:00;22.09.2022 22:00:00;41.84;Cent/kWh
22.09.2022 22:00:00;22.09.2022 23:00:00;39.63;Cent/kWh
22.09.2022 23:00:00;23.09.2022 00:00:00;37.87;Cent/kWh
23.09.2022 00:00:00;23.09.2022 01:00:00;35.26;Cent/kWh
23.09.2022 01:00:00;23.09.2022 02:00:00;31.50;Cent/kWh
23.09.2022 02:00:00;23.09.2022 03:00:00;31.26;Cent/kWh
23.09.2022 03:00:00;23.09.2022 04:00:00;30.05;Cent/kWh
23.09.2022 04:00:00;23.09.2022 05:00:00;30.31;Cent/kWh
23.09.2022 05:00:00;23.09.2022 06:00:00;32.46;Cent/kWh
23.09.2022 06:00:00;23.09.2022 07:00:00;41.07;Cent/kWh
23.09.2022 07:00:00;23.09.2022 08:00:00;45.53;Cent/kWh
23.09.2022 08:00:00;23.09.2022 09:00:00;41.51;Cent/kWh
23.09.2022 09:00:00;23.09.2022 10:00:00;34.50;Cent/kWh
23.09.2022 10:00:00;23.09.2022 11:00:00;36.52;Cent/kWh
23.09.2022 11:00:00;23.09.2022 12:00:00;35.46;Cent/kWh
23.09.2022 12:00:00;23.09.2022 13:00:00;31.77;Cent/kWh
23.09.2022 13:00:00;23.09.2022 14:00:00;30.17;Cent/kWh
23.09.2022 14:00:00;23.09.2022 15:00:00;30.59;Cent/kWh
23.09.2022 15:00:00;23.09.2022 16:00:00;32.19;Cent/kWh
23.09.2022 16:00:00;23.09.2022 17:00:00;37.50;Cent/kWh
23.09.2022 17:00:00;23.09.2022 18:00:00;42.21;Cent/kWh
23.09.2022 18:00:00;23.09.2022 19:00:00;46.01;Cent/kWh
23.09.2022 19:00:00;23.09.2022 20:00:00;42.01;Cent/kWh
23.09.2022 20:00:00;23.09.2022 21:00:00;38.49;Cent/kWh
23.09.2022 21:00:00;23.09.2022 22:00:00;38.54;Cent/kWh
23.09.2022 22:00:00;23.09.2022 23:00:00;37.00;Cent/kWh
23.09.2022 23:00:00;24.09.2022 00:00:00;36.99;Cent/kWh
24.09.2022 00:00:00;24.09.2022 01:00:00;37.79;Cent/kWh
24.09.2022 01:00:00;24.09.2022 02:00:00;34.41;Cent/kWh
24.09.2022 02:00:00;24.09.2022 03:00:00;31.20;Cent/kWh
24.09.2022 03:00:00;24.09.2022 04:00:00;30.72;Cent/kWh
24.09.2022 04:00:00;24.09.2022 05:00:00;30.63;Cent/kWh
24.09.2022 05:00:00;24.09.2022 06:00:00;30.17;Cent/kWh
24.09.2022 06:00:00;24.09.2022 07:00:00;33.50;Cent/kWh
24.09.2022 07:00:00;24.09.2022 08:00:00;36.60;Cent/kWh
24.09.2022 08:00:00;24.09.2022 09:00:00;37.00;Cent/kWh
24.09.2022 09:00:00;24.09.2022 10:00:00;37.49;Cent/kWh
24.09.2022 10:00:00;24.09.2022 11:00:00;36.99;Cent/kWh
24.09.2022 11:00:00;24.09.2022 12:00:00;36.35;Cent/kWh
24.09.2022 12:00:00;24.09.2022 13:00:00;32.87;Cent/kWh
24.09.2022 13:00:00;24.09.2022 14:00:00;29.83;Cent/kWh
24.09.2022 14:00:00;24.09.2022 15:00:00;29.90;Cent/kWh
24.09.2022 15:00:00;24.09.2022 16:00:00;31.71;Cent/kWh
24.09.2022 16:00:00;24.09.2022 17:00:00;35.70;Cent/kWh
24.09.2022 17:00:00;24.09.2022 18:00:00;37.46;Cent/kWh
24.09.2022 18:00:00;24.09.2022 19:00:00;37.49;Cent/kWh
24.09.2022 19:00:00;24.09.2022 20:00:00;37.00;Cent/kWh
24.09.2022 20:00:00;24.09.2022 21:00:00;37.50;Cent/kWh
24.09.2022 21:00:00;24.09.2022 22:00:00;36.54;Cent/kWh
24.09.2022 22:00:00;24.09.2022 23:00:00;36.27;Cent/kWh
24.09.2022 23:00:00;25.09.2022 00:00:00;31.50;Cent/kWh
25.09.2022 00:00:00;25.09.2022 01:00:00;26.87;Cent/kWh
25.09.2022 01:00:00;25.09.2022 02:00:00;23.00;Cent/kWh
25.09.2022 02:00:00;25.09.2022 03:00:00;21.52;Cent/kWh
25.09.2022 03:00:00;25.09.2022 04:00:00;21.52;Cent/kWh
25.09.2022 04:00:00;25.09.2022 05:00:00;19.44;Cent/kWh
25.09.2022 05:00:00;25.09.2022 06:00:00;19.76;Cent/kWh
25.09.2022 06:00:00;25.09.2022 07:00:00;22.81;Cent/kWh
25.09.2022 07:00:00;25.09.2022 08:00:00;23.99;Cent/kWh
25.09.2022 08:00:00;25.09.2022 09:00:00;27.87;Cent/kWh
25.09.2022 09:00:00;25.09.2022 10:00:00;29.16;Cent/kWh
25.09.2022 10:00:00;25.09.2022 11:00:00;27.47;Cent/kWh
25.09.2022 11:00:00;25.09.2022 12:00:00;27.70;Cent/kWh
25.09.2022 12:00:00;25.09.2022 13:00:00;27.50;Cent/kWh
25.09.2022 13:00:00;25.09.2022 14:00:00;23.88;Cent/kWh
25.09.2022 14:00:00;25.09.2022 15:00:00;21.13;Cent/kWh
25.09.2022 15:00:00;25.09.2022 16:00:00;22.09;Cent/kWh
25.09.2022 16:00:00;25.09.2022 17:00:00;27.01;Cent/kWh
25.09.2022 17:00:00;25.09.2022 18:00:00;33.52;Cent/kWh
25.09.2022 18:00:00;25.09.2022 19:00:00;38.01;Cent/kWh
25.09.2022 19:00:00;25.09.2022 20:00:00;41.09;Cent/kWh
25.09.2022 20:00:00;25.09.2022 21:00:00;39.33;Cent/kWh
25.09.2022 21:00:00;25.09.2022 22:00:00;37.00;Cent/kWh
25.09.2022 22:00:00;25.09.2022 23:00:00;34.82;Cent/kWh
25.09.2022 23:00:00;26.09.2022 00:00:00;29.44;Cent/kWh
26.09.2022 00:00:00;26.09.2022 01:00:00;24.88;Cent/kWh
26.09.2022 01:00:00;26.09.2022 02:00:00;17.99;Cent/kWh
26.09.2022 02:00:00;26.09.2022 03:00:00;15.79;Cent/kWh
26.09.2022 03:00:00;26.09.2022 04:00:00;13.64;Cent/kWh
26.09.2022 04:00:00;26.09.2022 05:00:00;13.81;Cent/kWh
26.09.2022 05:00:00;26.09.2022 06:00:00;20.50;Cent/kWh
26.09.2022 06:00:00;26.09.2022 07:00:00;37.41;Cent/kWh
26.09.2022 07:00:00;26.09.2022 08:00:00;40.76;Cent/kWh
26.09.2022 08:00:00;26.09.2022 09:00:00;40.73;Cent/kWh
26.09.2022 09:00:00;26.09.2022 10:00:00;37.49;Cent/kWh
26.09.2022 10:00:00;26.09.2022 11:00:00;37.49;Cent/kWh
26.09.2022 11:00:00;26.09.2022 12:00:00;37.90;Cent/kWh
26.09.2022 12:00:00;26.09.2022 13:00:00;37.89;Cent/kWh
26.09.2022 13:00:00;26.09.2022 14:00:00;33.66;Cent/kWh
26.09.2022 14:00:00;26.09.2022 15:00:00;28.51;Cent/kWh
26.09.2022 15:00:00;26.09.2022 16:00:00;28.51;Cent/kWh
26.09.2022 16:00:00;26.09.2022 17:00:00;37.00;Cent/kWh
26.09.2022 17:00:00;26.09.2022 18:00:00;37.99;Cent/kWh
26.09.2022 18:00:00;26.09.2022 19:00:00;40.74;Cent/kWh
26.09.2022 19:00:00;26.09.2022 20:00:00;44.38;Cent/kWh
26.09.2022 20:00:00;26.09.2022 21:00:00;39.66;Cent/kWh
26.09.2022 21:00:00;26.09.2022 22:00:00;32.97;Cent/kWh
26.09.2022 22:00:00;26.09.2022 23:00:00;32.23;Cent/kWh
26.09.2022 23:00:00;27.09.2022 00:00:00;26.39;Cent/kWh
27.09.2022 00:00:00;27.09.2022 01:00:00;19.10;Cent/kWh
27.09.2022 01:00:00;27.09.2022 02:00:00;18.02;Cent/kWh
27.09.2022 02:00:00;27.09.2022 03:00:00;16.98;Cent/kWh
27.09.2022 03:00:00;27.09.2022 04:00:00;15.13;Cent/kWh
27.09.2022 04:00:00;27.09.2022 05:00:00;16.74;Cent/kWh
27.09.2022 05:00:00;27.09.2022 06:00:00;27.10;Cent/kWh
27.09.2022 06:00:00;27.09.2022 07:00:00;37.50;Cent/kWh
27.09.2022 07:00:00;27.09.2022 08:00:00;42.69;Cent/kWh
27.09.2022 08:00:00;27.09.2022 09:00:00;40.49;Cent/kWh
27.09.2022 09:00:00;27.09.2022 10:00:00;41.23;Cent/kWh
27.09.2022 10:00:00;27.09.2022 11:00:00;37.50;Cent/kWh
27.09.2022 11:00:00;27.09.2022 12:00:00;37.50;Cent/kWh
27.09.2022 12:00:00;27.09.2022 13:00:00;31.94;Cent/kWh
27.09.2022 13:00:00;27.09.2022 14:00:00;30.63;Cent/kWh
27.09.2022 14:00:00;27.09.2022 15:00:00;29.50;Cent/kWh
27.09.2022 15:00:00;27.09.2022 16:00:00;29.59;Cent/kWh
27.09.2022 16:00:00;27.09.2022 17:00:00;30.67;Cent/kWh
27.09.2022 17:00:00;27.09.2022 18:00:00;36.99;Cent/kWh
27.09.2022 18:00:00;27.09.2022 19:00:00;36.73;Cent/kWh
27.09.2022 19:00:00;27.09.2022 20:00:00;37.50;Cent/kWh
27.09.2022 20:00:00;27.09.2022 21:00:00;37.00;Cent/kWh
27.09.2022 21:00:00;27.09.2022 22:00:00;35.14;Cent/kWh
27.09.2022 22:00:00;27.09.2022 23:00:00;33.37;Cent/kWh
27.09.2022 23:00:00;28.09.2022 00:00:00;31.97;Cent/kWh
28.09.2022 00:00:00;28.09.2022 01:00:00;30.64;Cent/kWh
28.09.2022 01:00:00;28.09.2022 02:00:00;27.58;Cent/kWh
28.09.2022 02:00:00;28.09.2022 03:00:00;24.59;Cent/kWh
28.09.2022 03:00:00;28.09.2022 04:00:00;24.30;Cent/kWh
28.09.2022 04:00:00;28.09.2022 05:00:00;27.38;Cent/kWh
28.09.2022 05:00:00;28.09.2022 06:00:00;30.71;Cent/kWh
28.09.2022 06:00:00;28.09.2022 07:00:00;38.32;Cent/kWh
28.09.2022 07:00:00;28.09.2022 08:00:00;47.26;Cent/kWh
28.09.2022 08:00:00;28.09.2022 09:00:00;50.04;Cent/kWh
28.09.2022 09:00:00;28.09.2022 10:00:00;42.00;Cent/kWh
28.09.2022 10:00:00;28.09.2022 11:00:00;40.01;Cent/kWh
28.09.2022 11:00:00;28.09.2022 12:00:00;37.99;Cent/kWh
28.09.2022 12:00:00;28.09.2022 13:00:00;36.06;Cent/kWh
28.09.2022 13:00:00;28.09.2022 14:00:00;35.17;Cent/kWh
28.09.2022 14:00:00;28.09.2022 15:00:00;34.06;Cent/kWh
28.09.2022 15:00:00;28.09.2022 16:00:00;36.01;Cent/kWh
28.09.2022 16:00:00;28.09.2022 17:00:00;38.50;Cent/kWh
28.09.2022 17:00:00;28.09.2022 18:00:00;43.56;Cent/kWh
28.09.2022 18:00:00;28.09.2022 19:00:00;51.06;Cent/kWh
28.09.2022 19:00:00;28.09.2022 20:00:00;64.04;Cent/kWh
28.09.2022 20:00:00;28.09.2022 21:00:00;51.00;Cent/kWh
28.09.2022 21:00:00;28.09.2022 22:00:00;42.00;Cent/kWh
28.09.2022 22:00:00;28.09.2022 23:00:00;37.26;Cent/kWh
28.09.2022 23:00:00;29.09.2022 00:00:00;36.18;Cent/kWh
29.09.2022 00:00:00;29.09.2022 01:00:00;35.15;Cent/kWh
29.09.2022 01:00:00;29.09.2022 02:00:00;33.65;Cent/kWh
29.09.2022 02:00:00;29.09.2022 03:00:00;32.61;Cent/kWh
29.09.2022 03:00:00;29.09.2022 04:00:00;31.52;Cent/kWh
29.09.2022 04:00:00;29.09.2022 05:00:00;32.00;Cent/kWh
29.09.2022 05:00:00;29.09.2022 06:00:00;34.55;Cent/kWh
29.09.2022 06:00:00;29.09.2022 07:00:00;44.01;Cent/kWh
29.09.2022 07:00:00;29.09.2022 08:00:00;56.99;Cent/kWh
29.09.2022 08:00:00;29.09.2022 09:00:00;58.34;Cent/kWh
29.09.2022 09:00:00;29.09.2022 10:00:00;45.30;Cent/kWh
29.09.2022 10:00:00;29.09.2022 11:00:00;44.00;Cent/kWh
29.09.2022 11:00:00;29.09.2022 12:00:00;41.50;Cent/kWh
29.09.2022 12:00:00;29.09.2022 13:00:00;39.50;Cent/kWh
29.09.2022 13:00:00;29.09.2022 14:00:00;37.26;Cent/kWh
29.09.2022 14:00:00;29.09.2022 15:00:00;37.48;Cent/kWh
29.09.2022 15:00:00;29.09.2022 16:00:00;39.57;Cent/kWh
29.09.2022 16:00:00;29.09.2022 17:00:00;39.85;Cent/kWh
29.09.2022 17:00:00;29.09.2022 18:00:00;44.50;Cent/kWh
29.09.2022 18:00:00;29.09.2022 19:00:00;52.32;Cent/kWh
29.09.2022 19:00:00;29.09.2022 20:00:00;60.50;Cent/kWh
29.09.2022 20:00:00;29.09.2022 21:00:00;52.00;Cent/kWh
29.09.2022 21:00:00;29.09.2022 22:00:00;42.50;Cent/kWh
29.09.2022 22:00:00;29.09.2022 23:00:00;39.70;Cent/kWh
29.09.2022 23:00:00;30.09.2022 00:00:00;37.45;Cent/kWh
30.09.2022 00:00:00;30.09.2022 01:00:00;34.94;Cent/kWh
30.09.2022 01:00:00;30.09.2022 02:00:00;33.61;Cent/kWh
30.09.2022 02:00:00;30.09.2022 03:00:00;32.50;Cent/kWh
30.09.2022 03:00:00;30.09.2022 04:00:00;32.24;Cent/kWh
30.09.2022 04:00:00;30.09.2022 05:00:00;32.48;Cent/kWh
30.09.2022 05:00:00;30.09.2022 06:00:00;34.84;Cent/kWh
30.09.2022 06:00:00;30.09.2022 07:00:00;43.00;Cent/kWh
30.09.2022 07:00:00;30.09.2022 08:00:00;52.40;Cent/kWh
30.09.2022 08:00:00;30.09.2022 09:00:00;53.66;Cent/kWh
30.09.2022 09:00:00;30.09.2022 10:00:00;46.00;Cent/kWh
30.09.2022 10:00:00;30.09.2022 11:00:00;38.70;Cent/kWh
30.09.2022 11:00:00;30.09.2022 12:00:00;35.35;Cent/kWh
30.09.2022 12:00:00;30.09.2022 13:00:00;31.34;Cent/kWh
30.09.2022 13:00:00;30.09.2022 14:00:00;28.45;Cent/kWh
30.09.2022 14:00:00;30.09.2022 15:00:00;27.07;Cent/kWh
30.09.2022 15:00:00;30.09.2022 16:00:00;28.56;Cent/kWh
30.09.2022 16:00:00;30.09.2022 17:00:00;30.23;Cent/kWh
30.09.2022 17:00:00;30.09.2022 18:00:00;37.99;Cent/kWh
30.09.2022 18:00:00;30.09.2022 19:00:00;40.51;Cent/kWh
30.09.2022 19:00:00;30.09.2022 20:00:00;42.49;Cent/kWh
30.09.2022 20:00:00;30.09.2022 21:00:00;35.52;Cent/kWh
30.09.2022 21:00:00;30.09.2022 22:00:00;26.71;Cent/kWh
30.09.2022 22:00:00;30.09.2022 23:00:00;22.25;Cent/kWh
30.09.2022 23:00:00;01.10.2022 00:00:00;17.29;Cent/kWh
